longitude;latitude;depth
9.74131;52.352997;0
9.741303;52.352999;0
9.741277;52.353011;0
9.741249;52.353026;0
9.741226;52.353042;0
9.7412;52.353068;0
9.741185;52.353083;0
9.741167;52.353094;0
9.741142;52.353107;0
9.741134;52.35311;0
9.741117;52.353116;0
9.74109;52.353124;0
9.74106;52.353128;0
9.741025;52.353128;0
9.740992;52.353123;0
9.740982;52.353121;0
9.7409;52.353218;0
9.741127;52.353282;0
9.740982;52.353476;0
9.741086;52.353505;0
9.740958;52.353671;0
9.740831;52.353836;0
9.740699;52.3538;0
9.740666;52.353841;0
9.740663;52.353845;0
9.740659;52.35385;0
9.740654;52.353855;0
9.74065;52.353859;0
9.740645;52.353863;0
9.74064;52.353867;0
9.740635;52.353871;0
9.74063;52.353874;0
9.740624;52.353877;0
9.740619;52.35388;0
9.740614;52.353883;0
9.740609;52.353885;0
9.740603;52.353887;0
9.740598;52.35389;0
9.740592;52.353892;0
9.740585;52.353894;0
9.740578;52.353896;0
9.740571;52.353898;0
9.740564;52.3539;0
9.740559;52.353901;0
9.740556;52.353901;0
9.740547;52.353903;0
9.740539;52.353904;0
9.740529;52.353905;0
9.740522;52.353905;0
9.740491;52.353906;0
9.740434;52.353909;0
9.740426;52.353909;0
9.74042;52.353909;0
9.740414;52.35391;0
9.740408;52.35391;0
9.740402;52.353911;0
9.740397;52.353912;0
9.740392;52.353914;0
9.740388;52.353915;0
9.740384;52.353916;0
9.74038;52.353918;0
9.740376;52.35392;0
9.740372;52.353922;0
9.740368;52.353924;0
9.740364;52.353927;0
9.74036;52.353929;0
9.740357;52.353933;0
9.740353;52.353936;0
9.74035;52.35394;0
9.740294;52.354009;0
9.740208;52.354123;0
9.740169;52.354175;0
9.740165;52.35418;0
9.740145;52.354207;0
9.740133;52.354222;0
9.740068;52.354306;0
9.739986;52.354414;0
9.739948;52.354463;0
9.739879;52.354556;0
9.739788;52.354677;0
9.739721;52.354767;0
9.739622;52.354894;0
9.739602;52.354922;0
9.739471;52.355094;0
9.739428;52.355151;0
9.739487;52.355171;0
9.739459;52.355206;0
9.739497;52.35526;0
9.739514;52.355294;0
9.739519;52.35534;0
9.739493;52.355388;0
9.739483;52.355406;0
9.739341;52.355652;0
9.739297;52.355688;0
9.739268;52.355758;0
9.739215;52.355889;0
9.739204;52.355916;0
9.739196;52.355935;0
9.739216;52.35602;0
9.739175;52.356134;0
9.739165;52.356163;0
9.739159;52.356245;0
9.739131;52.356359;0
9.739121;52.356489;0
9.739106;52.356638;0
9.739071;52.356759;0
9.739028;52.35691;0
9.738947;52.357112;0
9.738921;52.357177;0
9.738835;52.357308;0
9.738817;52.357324;0
9.738807;52.357333;0
9.738766;52.357369;0
9.738754;52.357431;0
9.738682;52.357484;0
9.738607;52.357582;0
9.738546;52.357705;0
9.738475;52.357806;0
9.738426;52.357861;0
9.738377;52.357916;0
9.738355;52.357941;0
9.738248;52.35805;0
9.738187;52.358095;0
9.738136;52.358133;0
9.738094;52.358164;0
9.738058;52.358182;0
9.737929;52.358246;0
9.737745;52.358321;0
9.737675;52.358347;0
9.737564;52.358388;0
9.737363;52.358446;0
9.737059;52.358531;0
9.736982;52.358561;0
9.736915;52.358585;0
9.736877;52.358604;0
9.736784;52.35865;0
9.736778;52.358653;0
9.736773;52.358656;0
9.736652;52.358729;0
9.736643;52.358734;0
9.73663;52.358745;0
9.736549;52.358813;0
9.736458;52.358906;0
9.736332;52.359122;0
9.736274;52.359303;0
9.73619;52.359566;0
9.736182;52.359592;0
9.736151;52.359676;0
9.736139;52.359711;0
9.736124;52.359752;0
9.736091;52.359811;0
9.736005;52.359965;0
9.735999;52.359974;0
9.735938;52.360067;0
9.735933;52.360074;0
9.735929;52.360079;0
9.735859;52.360153;0
9.735758;52.360247;0
9.73565;52.360347;0
9.735489;52.360541;0
9.735329;52.360748;0
9.735211;52.36091;0
9.735206;52.360917;0
9.735187;52.36095;0
9.735185;52.360971;0
9.735191;52.360994;0
9.735369;52.361044;0
9.735377;52.361036;0
9.735387;52.361029;0
9.7354;52.361023;0
9.735414;52.361019;0
9.73543;52.361017;0
9.735445;52.361017;0
9.735461;52.361019;0
9.735475;52.361022;0
9.735488;52.361028;0
9.735499;52.361035;0
9.735507;52.361043;0
9.735512;52.361053;0
9.735513;52.361062;0
9.735512;52.361072;0
9.735507;52.361081;0
9.7355;52.361089;0
9.735489;52.361097;0
9.735477;52.361102;0
9.735462;52.361106;0
9.735447;52.361108;0
9.735431;52.361109;0
9.735416;52.361107;0
9.735401;52.361103;0
9.735221;52.361343;0
9.735156;52.36143;0
9.735156;52.36145;0
9.735177;52.361471;0
9.736017;52.361715;0
9.736063;52.361728;0
9.736052;52.361742;0
9.735982;52.361837;0
9.735865;52.361986;0
9.735954;52.362011;0
9.735943;52.362024;0
9.738486;52.362753;0
9.738538;52.362688;0
9.738612;52.362597;0
9.738755;52.362418;0
9.738729;52.362411;0
9.738791;52.362329;0
9.738852;52.362247;0
9.738883;52.362207;0
9.738899;52.362212;0
9.739038;52.362249;0
9.739048;52.362251;0
9.738951;52.362377;0
9.738941;52.362393;0
9.738953;52.362405;0
9.739046;52.362432;0
9.739107;52.362449;0
9.739299;52.362196;0
9.742867;52.357503;0
9.742813;52.357473;0
9.742789;52.357432;0
9.742794;52.357394;0
9.7428;52.357389;0
9.742836;52.357357;0
9.742874;52.357338;0
9.742942;52.357328;0
9.743001;52.357337;0
9.743035;52.357292;0
9.743184;52.357094;0
9.743142;52.357082;0
9.743326;52.356839;0
9.743368;52.356851;0
9.743409;52.356797;0
9.743552;52.356608;0
9.743517;52.356594;0
9.743489;52.35657;0
9.743487;52.356564;0
9.743475;52.356529;0
9.743473;52.356524;0
9.743486;52.356484;0
9.743529;52.356457;0
9.743541;52.356453;0
9.74356;52.356446;0
9.743581;52.356439;0
9.743596;52.356439;0
9.743642;52.356441;0
9.743672;52.356444;0
9.743686;52.356445;0
9.743786;52.356473;0
9.745627;52.354458;0
9.74541;52.354393;0
9.74548;52.354303;0
9.745622;52.35412;0
9.745366;52.354048;0
9.745453;52.353934;0
9.745709;52.354009;0
9.745743;52.354019;0
9.745779;52.354029;0
9.745792;52.354012;0
9.74594;52.354055;0
9.746089;52.353892;0
9.746127;52.353884;0
9.746156;52.353892;0
9.746522;52.353413;0
9.7468;52.353049;0
9.746929;52.352881;0
9.747179;52.352554;0
9.747654;52.351928;0
9.748467;52.350857;0
9.749494;52.349507;0
9.7503;52.348454;0
9.750336;52.348408;0
9.750349;52.348391;0
9.750472;52.348226;0
9.750491;52.348159;0
9.750492;52.348156;0
9.750472;52.34816;0
9.750467;52.348161;0
9.750456;52.348143;0
9.750417;52.348078;0
9.750395;52.348008;0
9.750402;52.347926;0
9.750424;52.34787;0
9.750429;52.347856;0
9.75048;52.347795;0
9.750543;52.347748;0
9.750622;52.347707;0
9.750702;52.347679;0
9.750794;52.347657;0
9.75086;52.347649;0
9.750964;52.347645;0
9.751054;52.347651;0
9.751148;52.347669;0
9.751355;52.347731;0
9.751382;52.347733;0
9.751411;52.34773;0
9.751425;52.347726;0
9.751461;52.347695;0
9.751605;52.347509;0
9.751724;52.347544;0
9.751857;52.347584;0
9.751885;52.34754;0
9.751919;52.347483;0
9.75199;52.347352;0
9.751997;52.347338;0
9.752013;52.347301;0
9.752015;52.347297;0
9.752082;52.347139;0
9.752109;52.347075;0
9.752138;52.347017;0
9.752239;52.346819;0
9.752296;52.346727;0
9.752325;52.346681;0
9.752398;52.346586;0
9.752519;52.34643;0
9.752865;52.34597;0
9.753358;52.345315;0
9.753381;52.345284;0
9.753497;52.345166;0
9.753669;52.34493;0
9.753694;52.344936;0
9.753853;52.344979;0
9.753859;52.344981;0
9.754206;52.3445;0
9.754264;52.344419;0
9.754301;52.344368;0
9.754317;52.344327;0
9.754357;52.344226;0
9.754369;52.344197;0
9.754371;52.344165;0
9.75438;52.344054;0
9.754381;52.344039;0
9.75437;52.344014;0
9.754343;52.343955;0
9.754156;52.343802;0
9.753942;52.343649;0
9.753717;52.343533;0
9.753499;52.343435;0
9.753274;52.343352;0
9.753009;52.343263;0
9.752636;52.343168;0
9.752207;52.343073;0
9.751812;52.343013;0
9.751413;52.342964;0
9.751036;52.342947;0
9.751014;52.342946;0
9.75099;52.342946;0
9.750652;52.342948;0
9.750627;52.342948;0
9.750616;52.342949;0
9.749908;52.343013;0
9.749923;52.343047;0
9.749501;52.343121;0
9.749469;52.343066;0
9.748943;52.343155;0
9.748823;52.34318;0
9.748604;52.343226;0
9.748456;52.343257;0
9.748304;52.343302;0
9.747797;52.343454;0
9.747418;52.34359;0
9.747039;52.343749;0
9.746543;52.343995;0
9.746259;52.344158;0
9.746221;52.34418;0
9.746188;52.344202;0
9.745879;52.344418;0
9.745653;52.344594;0
9.745604;52.344634;0
9.745259;52.344906;0
9.745211;52.344921;0
9.745045;52.344972;0
9.744902;52.344894;0
9.744871;52.344877;0
9.744815;52.344847;0
9.74483;52.344835;0
9.744584;52.344691;0
9.744464;52.344727;0
9.74441;52.344795;0
9.744679;52.344943;0
9.744693;52.344932;0
9.744731;52.344952;0
9.744769;52.344981;0
9.744811;52.345047;0
9.744908;52.3452;0
9.744887;52.345415;0
9.744877;52.34544;0
9.744864;52.345476;0
9.744861;52.34548;0
9.744849;52.345507;0
9.744845;52.345515;0
9.744844;52.345517;0
9.744842;52.345523;0
9.744836;52.345535;0
9.744657;52.345902;0
9.744484;52.346366;0
9.744481;52.346375;0
9.744481;52.346387;0
9.744463;52.347256;0
9.744463;52.347297;0
9.744482;52.347356;0
9.744601;52.347727;0
9.744859;52.348265;0
9.745108;52.348595;0
9.74559;52.349036;0
9.745804;52.349327;0
9.745834;52.349639;0
9.745785;52.349908;0
9.745788;52.34999;0
9.745792;52.350129;0
9.745681;52.350622;0
9.745679;52.350634;0
9.745669;52.350649;0
9.745451;52.35097;0
9.745387;52.351065;0
9.74498;52.351419;0
9.744792;52.351514;0
9.744343;52.351741;0
9.743352;52.35218;0
9.743193;52.35225;0
9.74256;52.352496;0
9.742428;52.352547;0
9.741932;52.352746;0
9.741413;52.352955;0
9.74131;52.352997;0
9.75225;52.34325;0.8
9.75325;52.3435;0.9
9.75225;52.3435;1.2
9.753;52.34375;1.25
9.7515;52.3444;1.35
9.75125;52.34425;1.4
9.75275;52.34425;1.45
9.7525;52.3445;1.55
9.746;52.34525;1.5
9.7485;52.3465;1.8
9.75025;52.3475;1.75
9.746;52.349;1.65
9.7485;52.3495;1.7
9.747;52.352;1.75
9.74625;52.35175;1.9
9.74525;52.3515;1.8
9.74475;52.35425;1.8
9.743;52.354;2
9.74125;52.35375;1.6
9.7405;52.355;1.9
9.742;52.35525;1.95
9.74325;52.35575;1.9
9.74175;52.35775;1.7
9.7405;52.35725;2
9.7395;52.357;2.2
9.73825;52.3585;1.9
9.73925;52.359;2.2
9.7405;52.35925;1.8
9.73925;52.36075;2
9.73775;52.3605;2.3
9.73625;52.36025;2.1
9.73575;52.361;2.1
9.73725;52.3615;2.2
9.73625;52.3615;1.7
9.7385;52.36175;1.8
9.73725;52.362;1.7
9.738;52.3625;1.7