idx,geom
1,"POLYGON((9.737316406259351 52.362301553994804,9.73842892998024 52.36265256601151,9.738818313282552 52.362171339150464,9.739226238646877 52.36215435457726,9.739411659267025 52.36184863114312,9.738336219670165 52.362109062350136,9.737316406259351 52.362301553994804))"
2,"POLYGON((9.735286050468728 52.36089747804211,9.735517826243914 52.3610220349704,9.735517826243914 52.36089747804211,9.735350947685781 52.36080122926613,9.735286050468728 52.36089747804211))"
4,"POLYGON((9.746173439573353 52.34999865689779,9.746835198178779 52.35084276830671,9.745589534921505 52.35098543343129,9.746173439573353 52.34999865689779))"
5,"POLYGON((9.746173439573353 52.34999865689779,9.746835198178779 52.35084276830671,9.745589534921505 52.35098543343129,9.746173439573353 52.34999865689779))"
36,"POLYGON((9.751826085435367 52.345374133432166,9.750507424519588 52.34603346389006,9.750507424519588 52.34515435661287,9.750727201338885 52.34449502615499,9.751496420206422 52.34449502615499,9.751826085435367 52.34504446820323,9.751826085435367 52.345374133432166))"
37,"POLYGON((9.739848248783716 52.36009918032502,9.740287802422309 52.35856074258995,9.741057021289844 52.358450854180305,9.740068025603012 52.36009918032502,9.739848248783716 52.36009918032502))"
38,"POLYGON((9.746441553362606 52.34713234798654,9.746001999724013 52.34702245957689,9.745342669266124 52.345593910251466,9.745232780856476 52.34526424502252,9.745232780856476 52.34515435661287,9.745342669266124 52.34504446820323,9.746001999724013 52.34493457979357,9.746111888133662 52.34493457979357,9.7468811070012 52.34570379866111,9.7468811070012 52.34581368707076,9.746661330181903 52.34702245957689,9.746441553362606 52.34713234798654))"
39,"POLYGON((9.744024008350346 52.35218721483036,9.74556244608542 52.35372565256543,9.74501300403718 52.354824536661916,9.744243785169642 52.35559375552945,9.744133896759994 52.35559375552945,9.744024008350346 52.35218721483036))"
40,"POLYGON((9.73710103854251 52.36174750646975,9.736881261723214 52.36218706010834,9.73655159649427 52.362077171698694,9.735452712397787 52.361527729650454,9.735782377626732 52.36064862237327,9.736661484903918 52.35976951509608,9.736771373313566 52.35976951509608,9.73710103854251 52.3616376180601,9.73710103854251 52.36174750646975))"
41,"POLYGON((9.753913965218683 52.34427524933569,9.753694188399386 52.344604914564634,9.75347441158009 52.344604914564634,9.752375527483608 52.34449502615499,9.75226563907396 52.344385137745334,9.75226563907396 52.34427524933569,9.7528150811222 52.3436159188778,9.753364523170442 52.3436159188778,9.753694188399386 52.343835695697095,9.753913965218683 52.344055472516395,9.753913965218683 52.34427524933569))"
42,"POLYGON((9.74918876360381 52.3436159188778,9.74918876360381 52.34449502615499,9.748749209965217 52.344604914564634,9.748199767916976 52.344604914564634,9.747760214278385 52.34427524933569,9.747650325868737 52.34416536092604,9.747760214278385 52.343835695697095,9.748089879507328 52.3436159188778,9.748419544736272 52.34350603046815,9.748859098374865 52.34350603046815,9.74918876360381 52.3436159188778))"
43,"POLYGON((9.744903115627531 52.34801145526372,9.744903115627531 52.34713234798654,9.74501300403718 52.34713234798654,9.746771218591551 52.34889056254091,9.746661330181903 52.34965978140845,9.746551441772255 52.34965978140845,9.746111888133662 52.3493301161795,9.746001999724013 52.349220227769855,9.744903115627531 52.34801145526372))"
44,"POLYGON((9.743474566302105 52.35240699164965,9.742155905386326 52.355373978710155,9.740287802422309 52.355373978710155,9.740287802422309 52.35526409030051,9.741166909699492 52.35361576415578,9.741606463338085 52.35317621051719,9.74248557061527 52.3527366568786,9.743474566302105 52.35240699164965))"
45,"POLYGON((9.750177759290644 52.34823123208302,9.74973820565205 52.34790156685408,9.74973820565205 52.34757190162513,9.749848094061699 52.346912571167245,9.750507424519588 52.346143352299705,9.750617312929236 52.346143352299705,9.751826085435367 52.346692794347945,9.751826085435367 52.34702245957689,9.750177759290644 52.34823123208302))"
46,"POLYGON((9.752045862254663 52.34427524933569,9.75105686656783 52.34427524933569,9.750837089748533 52.344055472516395,9.750727201338885 52.34372580728745,9.750617312929236 52.343286253648856,9.75105686656783 52.34317636523921,9.751276643387126 52.34317636523921,9.75226563907396 52.343286253648856,9.752155750664311 52.34416536092604,9.752045862254663 52.34427524933569))"
47,"POLYGON((9.7468811070012 52.345593910251466,9.746111888133662 52.34482469138393,9.746111888133662 52.34471480297428,9.746990995410847 52.344055472516395,9.747100883820496 52.344055472516395,9.747540437459088 52.34416536092604,9.747650325868737 52.34427524933569,9.747979991097681 52.34526424502252,9.747540437459088 52.34548402184182,9.7468811070012 52.345593910251466))"
48,"POLYGON((9.741496574928437 52.35812118895136,9.741057021289844 52.35680252803558,9.741496574928437 52.35658275121629,9.742815235844215 52.35647286280663,9.742925124253864 52.35647286280663,9.74314490107316 52.35669263962593,9.74314490107316 52.35680252803558,9.742595459024919 52.35757174690312,9.742265793795974 52.35801130054171,9.74193612856703 52.35834096577066,9.741496574928437 52.35812118895136))"
49,"POLYGON((9.747760214278385 52.34724223639619,9.747760214278385 52.34647301752865,9.747979991097681 52.34647301752865,9.748419544736272 52.34735212480584,9.748309656326624 52.347462013215484,9.748199767916976 52.347462013215484,9.747760214278385 52.34724223639619))"
50,"POLYGON((9.736991150132862 52.3588904078189,9.736991150132862 52.35878051940925,9.739738360374067 52.35581353234875,9.739848248783716 52.3557036439391,9.739298806735475 52.357132193264526,9.738529587867937 52.358231077361005,9.737980145819696 52.35856074258995,9.736991150132862 52.3588904078189))"
51,"POLYGON((9.748749209965217 52.35020922345669,9.748639321555569 52.35020922345669,9.748639321555569 52.348451008902316,9.749408540423106 52.34812134367338,9.748749209965217 52.35020922345669))"
52,"POLYGON((9.75226563907396 52.34603346389006,9.751935973845015 52.345374133432166,9.751935973845015 52.34526424502252,9.75226563907396 52.34449502615499,9.753034857941497 52.34504446820323,9.753034857941497 52.34548402184182,9.752485415893256 52.34603346389006,9.75226563907396 52.34603346389006))"
53,"POLYGON((9.746111888133662 52.35328609892684,9.74435367357929 52.35207732642071,9.745782222904717 52.350758665504934,9.7468811070012 52.350538888685634,9.747760214278385 52.35086855391458,9.747760214278385 52.35097844232423,9.747540437459088 52.35185754960141,9.746661330181903 52.35295643369789,9.746111888133662 52.35328609892684))"
54,"POLYGON((9.7377603690004 52.36251672533729,9.73710103854251 52.36229694851799,9.737210926952159 52.3616376180601,9.737320815361807 52.3614178412408,9.737650480590752 52.3614178412408,9.739408695145123 52.361527729650454,9.73896914150653 52.361857394879394,9.738639476277585 52.362077171698694,9.7377603690004 52.36251672533729))"
55,"POLYGON((9.749408540423106 52.34515435661287,9.749298652013458 52.34372580728745,9.749298652013458 52.3436159188778,9.749408540423106 52.34350603046815,9.750177759290644 52.343286253648856,9.750507424519588 52.343286253648856,9.750617312929236 52.34350603046815,9.750727201338885 52.344055472516395,9.750507424519588 52.34449502615499,9.74973820565205 52.34515435661287,9.749408540423106 52.34515435661287))"
80,"POLYGON((9.748859098374865 52.349989446637395,9.748859098374865 52.35009933504704,9.748309656326624 52.35086855391458,9.747650325868737 52.35163777278212,9.747540437459088 52.351747661191766,9.74743054904944 52.351747661191766,9.747870102688033 52.35119821914353,9.748859098374865 52.349989446637395))"
81,"POLYGON((9.74017791401266 52.360758510782915,9.74017791401266 52.36086839919256,9.73962847196442 52.3616376180601,9.73896914150653 52.361857394879394,9.738859253096882 52.361857394879394,9.739079029916178 52.3616376180601,9.74017791401266 52.360758510782915))"
82,"POLYGON((9.750287647700292 52.3433961420585,9.750727201338885 52.34317636523921,9.751496420206422 52.34317636523921,9.75226563907396 52.343286253648856,9.75226563907396 52.34350603046815,9.750727201338885 52.34350603046815,9.750287647700292 52.3433961420585))"
83,"POLYGON((9.745122892446828 52.354604759842616,9.745122892446828 52.35471464825226,9.744243785169642 52.35581353234875,9.742925124253864 52.35724208167417,9.742815235844215 52.35724208167417,9.743254789482808 52.35647286280663,9.745122892446828 52.354604759842616))"
84,"POLYGON((9.747320660639792 52.34394558410674,9.747540437459088 52.345374133432166,9.745672334495069 52.345593910251466,9.745342669266124 52.34526424502252,9.745672334495069 52.34482469138393,9.745782222904717 52.34471480297428,9.746551441772255 52.34427524933569,9.746990995410847 52.344055472516395,9.747320660639792 52.34394558410674))"
85,"POLYGON((9.75160630861607 52.34735212480584,9.751166754977477 52.345374133432166,9.751386531796774 52.34515435661287,9.75226563907396 52.345374133432166,9.752924969531849 52.345593910251466,9.751716197025718 52.34735212480584,9.75160630861607 52.34735212480584))"
86,"POLYGON((9.736331819674973 52.3616376180601,9.736331819674973 52.36196728328905,9.736112042855677 52.36196728328905,9.735452712397787 52.361527729650454,9.73534282398814 52.3614178412408,9.735672489217084 52.36064862237327,9.735782377626732 52.360538733963615,9.73589226603638 52.360538733963615,9.736331819674973 52.3616376180601))"
87,"POLYGON((9.736002154446028 52.36031895714432,9.736661484903918 52.3588904078189,9.736771373313566 52.3588904078189,9.73655159649427 52.35976951509608,9.736331819674973 52.36009918032502,9.736002154446028 52.36031895714432))"
88,"POLYGON((9.745122892446828 52.34548402184182,9.745672334495069 52.34570379866111,9.745122892446828 52.34823123208302,9.744793227217883 52.34757190162513,9.744793227217883 52.34625324070935,9.745122892446828 52.34548402184182))"
89,"POLYGON((9.74314490107316 52.3525168800593,9.743254789482808 52.35240699164965,9.745232780856476 52.351527884372466,9.74435367357929 52.35207732642071,9.74314490107316 52.3525168800593))"
90,"POLYGON((9.740287802422309 52.355373978710155,9.739408695145123 52.35702230485488,9.739408695145123 52.35647286280663,9.740287802422309 52.35526409030051,9.740287802422309 52.355373978710155))"
91,"POLYGON((9.740507579241605 52.36042884555397,9.740397690831957 52.36042884555397,9.740397690831957 52.360209068734676,9.741606463338085 52.35878051940925,9.742265793795974 52.35812118895136,9.740507579241605 52.36042884555397))"
92,"POLYGON((9.751386531796774 52.34757190162513,9.749408540423106 52.349220227769855,9.750177759290644 52.34779167844443,9.750507424519588 52.34757190162513,9.751386531796774 52.347462013215484,9.751386531796774 52.34757190162513))"
93,"POLYGON((9.738090034229344 52.36251672533729,9.736991150132862 52.36218706010834,9.737430703771455 52.361857394879394,9.738199922638993 52.3616376180601,9.738749364687234 52.361857394879394,9.738859253096882 52.36196728328905,9.738529587867937 52.36251672533729,9.738090034229344 52.36251672533729))"
94,"POLYGON((9.745782222904717 52.350758665504934,9.745342669266124 52.34856089731197,9.745452557675772 52.34856089731197,9.746001999724013 52.34911033936021,9.746001999724013 52.35064877709528,9.745892111314365 52.350758665504934,9.745782222904717 52.350758665504934))"
95,"POLYGON((9.753144746351145 52.34526424502252,9.75226563907396 52.34394558410674,9.752705192712552 52.3436159188778,9.753144746351145 52.3436159188778,9.754133742037979 52.34416536092604,9.753144746351145 52.34526424502252))"
96,"POLYGON((9.74918876360381 52.34372580728745,9.747650325868737 52.34372580728745,9.747870102688033 52.3436159188778,9.748968986784513 52.3433961420585,9.749408540423106 52.3433961420585,9.74973820565205 52.34350603046815,9.74918876360381 52.34372580728745))"
97,"POLYGON((9.747320660639792 52.35196743801106,9.747320660639792 52.35207732642071,9.747100883820496 52.35240699164965,9.746441553362606 52.35317621051719,9.745672334495069 52.35372565256543,9.745672334495069 52.35361576415578,9.747320660639792 52.35196743801106))"
98,"POLYGON((9.738090034229344 52.35834096577066,9.739079029916178 52.35735197008382,9.739079029916178 52.35746185849347,9.738859253096882 52.35779152372241,9.738199922638993 52.35834096577066,9.738090034229344 52.35834096577066))"
99,"POLYGON((9.7377603690004 52.35856074258995,9.737870257410048 52.358450854180305,9.738749364687234 52.35779152372241,9.738859253096882 52.35779152372241,9.739079029916178 52.358450854180305,9.73896914150653 52.3588904078189,9.738419699458289 52.35911018463819,9.73830981104864 52.35911018463819,9.7377603690004 52.35856074258995))"
100,"POLYGON((9.744793227217883 52.34757190162513,9.744793227217883 52.346912571167245,9.74556244608542 52.34878067413126,9.744903115627531 52.34812134367338,9.744793227217883 52.34757190162513))"
101,"POLYGON((9.742265793795974 52.35812118895136,9.743254789482808 52.35647286280663,9.744463561988939 52.355373978710155,9.744243785169642 52.35581353234875,9.742265793795974 52.35812118895136))"
102,"POLYGON((9.737650480590752 52.35943984986714,9.737210926952159 52.359989291915376,9.736441708084621 52.36009918032502,9.736221931265325 52.36009918032502,9.736221931265325 52.359989291915376,9.73655159649427 52.359220073047844,9.736991150132862 52.359000296228544,9.737650480590752 52.359220073047844,9.737650480590752 52.35943984986714))"
103,"POLYGON((9.748309656326624 52.35086855391458,9.748199767916976 52.35086855391458,9.749078875194161 52.34965978140845,9.749408540423106 52.349220227769855,9.74973820565205 52.34889056254091,9.74918876360381 52.34965978140845,9.748309656326624 52.35086855391458))"
104,"POLYGON((9.738529587867937 52.36251672533729,9.738090034229344 52.36251672533729,9.73710103854251 52.36229694851799,9.73655159649427 52.362077171698694,9.736881261723214 52.362077171698694,9.738529587867937 52.36240683692764,9.738529587867937 52.36251672533729))"
105,"POLYGON((9.745672334495069 52.35372565256543,9.747870102688033 52.35119821914353,9.747979991097681 52.35119821914353,9.747100883820496 52.35240699164965,9.746441553362606 52.35317621051719,9.745672334495069 52.35372565256543))"
106,"POLYGON((9.7407273560609 52.36009918032502,9.73896914150653 52.35911018463819,9.739079029916178 52.3588904078189,9.739408695145123 52.3586706309996,9.740287802422309 52.3586706309996,9.740617467651251 52.35878051940925,9.7407273560609 52.36009918032502))"
107,"POLYGON((9.745672334495069 52.34482469138393,9.746001999724013 52.344604914564634,9.746551441772255 52.34427524933569,9.747320660639792 52.34394558410674,9.746331664952958 52.34449502615499,9.745672334495069 52.34482469138393))"
108,"POLYGON((9.740287802422309 52.35526409030051,9.740287802422309 52.355373978710155,9.739408695145123 52.357132193264526,9.739079029916178 52.35746185849347,9.739079029916178 52.35735197008382,9.739738360374067 52.35581353234875,9.739958137193364 52.3554838671198,9.740287802422309 52.35526409030051))"
109,"POLYGON((9.739188918325826 52.3616376180601,9.740397690831957 52.36042884555397,9.740507579241605 52.36042884555397,9.73962847196442 52.3616376180601,9.739188918325826 52.3616376180601))"
110,"POLYGON((9.73534282398814 52.3614178412408,9.735452712397787 52.36086839919256,9.736002154446028 52.36031895714432,9.736331819674973 52.3616376180601,9.736331819674973 52.361857394879394,9.736221931265325 52.361857394879394,9.735452712397787 52.361527729650454,9.73534282398814 52.3614178412408))"
111,"POLYGON((9.737980145819696 52.360209068734676,9.7377603690004 52.36064862237327,9.737320815361807 52.36086839919256,9.736991150132862 52.36086839919256,9.736991150132862 52.360758510782915,9.73710103854251 52.36009918032502,9.737650480590752 52.36009918032502,9.737980145819696 52.360209068734676))"
112,"POLYGON((9.745452557675772 52.34526424502252,9.744793227217883 52.3468026827576,9.744793227217883 52.34625324070935,9.745122892446828 52.34548402184182,9.745342669266124 52.34504446820323,9.745452557675772 52.34504446820323,9.745452557675772 52.34526424502252))"
113,"POLYGON((9.746661330181903 52.3495498929988,9.746001999724013 52.35064877709528,9.746001999724013 52.34911033936021,9.746661330181903 52.349440004589155,9.746661330181903 52.3495498929988))"
116,"POLYGON((9.745330684221924 52.347013643570506,9.74458333125052 52.346619356227535,9.744764507728437 52.346072881990345,9.745274066572575 52.34673003373146,9.745330684221924 52.347013643570506))"
3,"POLYGON((9.744772068408919 52.346610160149304,9.752148730510589 52.34637236115062,9.753627955628602 52.34395862893344,9.751039311672079 52.3432808577676,9.747263394923467 52.34418455034655,9.744772068408919 52.346610160149304))"
